OBJECTID *,Id,Name,Lat,List,WQ,Stage,Flow,EC,Temp,Turb,pH,DO,Fluoro,UVA,Chloro,Chloride,Shape *,Vel,Lon,POINT_X,POINT_Y,D1641_id,discrete_sampling,"Type C-Cont, D-Discrete",wdl_id,Agency,alias_id,Notes2,Status
1,B95020,San Joaquin at Antioch,38.017847,dwr,x,x,<Null>,x,x,x,x,x,<Null>,<Null>,<Null>,<Null>,Point,<Null>,-121.802883,605075.0974,4208474.676,D12A,<Null>,<Null>,B95020,dwr_ncro,ANH,USBR and DWR have equipment within a 30’x30’ building (in a 10’x10’ room) located on a pier that is the City of Antioch’s pumping station,<Null>
2,B94175,Mokelumne River at Benson's Ferry,38.2555,delta,<Null>,x,<Null>,<Null>,<Null>,<Null>,<Null>,<Null>,<Null>,<Null>,<Null>,<Null>,Point,<Null>,-121.44,636491.2489,4235314.553,<Null>,<Null>,C,B94175,dwr_ncro,BEN,<Null>,<Null>
3,CCS,Cache Slough,38.297137,delta,x,<Null>,<Null>,x,<Null>,x,<Null>,<Null>,<Null>,<Null>,<Null>,<Null>,Point,<Null>,-121.74776,609500.2732,4239525.422,<Null>,<Null>,<Null>,<Null>,usbr,CCS,Old Vallejo Pumping Plant,<Null>
4,B95290,Old River at Coney Island,37.8461,delta,x,x,<Null>,x,x,<Null>,<Null>,<Null>,<Null>,<Null>,<Null>,<Null>,Point,<Null>,-121.5369,628727.7508,4189748.256,<Null>,<Null>,C,B95290,dwr_ncro,CIS,<Null>,<Null>
5,CLC,Clifton Court,37.8298,delta,x,<Null>,<Null>,x,x,x,x,<Null>,x,<Null>,<Null>,<Null>,Point,<Null>,-121.5574,626951.946,4187911.576,C9,<Null>,C,<Null>,dwr_om,CLC,"Not 100% sure this is C9. If so, C9 was at one time outside Forebay on other side of the levee",<Null>
6,B95260,Discovery Bay at Indian Slough,37.917982,delta,<Null>,x,<Null>,<Null>,<Null>,<Null>,<Null>,<Null>,<Null>,<Null>,<Null>,<Null>,Point,<Null>,-121.58682,624214.6301,4197656.489,<Null>,<Null>,<Null>,B95260,dwr_ncro,DBI,<Null>,<Null>
7,B95325,Doughty Cut above Grant Line Canal,37.815,delta,x,x,<Null>,x,x,<Null>,<Null>,<Null>,<Null>,<Null>,<Null>,<Null>,Point,<Null>,-121.425,638631.827,4186457.616,<Null>,<Null>,C,B95325,dwr_ncro,DGL,<Null>,<Null>
8,B91120,Emmaton,38.084286,dwr,x,<Null>,<Null>,x,x,<Null>,<Null>,<Null>,<Null>,<Null>,<Null>,<Null>,Point,<Null>,-121.738875,610598.749,4215917.627,D22A,<Null>,<Null>,B91120,dwr_ncro,D22,DWR and USBR at same site at end of pier. Bureau listed as D22A,<Null>
9,FRP,Farrar Park,38.011868,delta,x,<Null>,<Null>,x,x,<Null>,<Null>,<Null>,<Null>,<Null>,<Null>,<Null>,Point,<Null>,-121.639002,619475.4498,4208005.704,<Null>,<Null>,C,<Null>,usbr,FRP,Moved to this covered berth according to description by Dominique Azpeitia,<Null>
10,B95300,Grant Line Canal at Tracy Rd Bridge,37.820107,delta,x,x,<Null>,x,x,<Null>,<Null>,<Null>,<Null>,<Null>,<Null>,<Null>,Point,<Null>,-121.449633,636454.0915,4186988.06,<Null>,<Null>,<Null>,B95300,dwr_ncro,GCT,<Null>,<Null>
11,GLN,Green's Landing,38.3456,delta,x,<Null>,<Null>,x,x,<Null>,<Null>,<Null>,<Null>,<Null>,<Null>,<Null>,Point,<Null>,-121.5468,626989.1579,4245160.42,<Null>,<Null>,,<Null>,usbr,GLN,Not confirmed. C3 (Hood) intended to replace this station,<Null>
12,HBP,Harvey O Banks PP,37.798273,delta,x,<Null>,<Null>,x,x,x,x,<Null>,x,x,<Null>,<Null>,Point,<Null>,-121.623602,623690.3542,4187532.479,<Null>,<Null>,<Null>,<Null>,dwr,HBP,Not sure about HRO vs HBP. Both siginficantly nudged to accommodate domain,<Null>
13,HLL,Holland Tract,38.007011,delta,x,<Null>,<Null>,x,x,<Null>,<Null>,<Null>,<Null>,<Null>,<Null>,<Null>,Point,<Null>,-121.580556,624614.6337,4207543.538,<Null>,<Null>,<Null>,<Null>,usbr,HLL,<Null>,<Null>
14,HRO,Harvey O Banks PP,37.798273,delta,x,<Null>,x,<Null>,<Null>,<Null>,<Null>,<Null>,<Null>,<Null>,<Null>,<Null>,Point,<Null>,-121.623602,623690.3542,4187532.479,<Null>,<Null>,<Null>,<Null>,dwr,HRO,Not sure about HRO vs HBP. Both siginficantly nudged to accommodate domain,<Null>
15,IDB,CCWD Old River near Discovery Bay,37.885779,delta,x,<Null>,x,<Null>,<Null>,<Null>,<Null>,<Null>,<Null>,<Null>,<Null>,x,Point,<Null>,-121.575998,625220.4342,4194097.776,<Null>,x,D,<Null>,ccwd,IDB,<Null>,<Null>
16,INB,CCWD Rock Slough PP,37.996274,delta,x,<Null>,<Null>,<Null>,<Null>,<Null>,<Null>,<Null>,<Null>,<Null>,<Null>,x,Point,<Null>,-121.701902,613977.6704,4206196.478,<Null>,<Null>,<Null>,<Null>,ccwd,INB,<Null>,O
17,B95283,Italian Slough Headwater near Byron,37.838299,delta,<Null>,x,<Null>,<Null>,<Null>,<Null>,<Null>,<Null>,<Null>,<Null>,<Null>,<Null>,Point,<Null>,-121.601568,623050.71,4188795.465,<Null>,<Null>,<Null>,B95283,dwr,ISH,<Null>,<Null>
18,JER,Jersey Point,38.052166,delta,x,<Null>,<Null>,x,x,x,<Null>,<Null>,<Null>,<Null>,<Null>,<Null>,Point,<Null>,-121.688987,615024.2523,4212414.166,D15,<Null>,<Null>,<Null>,usbr,JER,Pier is used by USBR and possibly USGS for wq,<Null>
19,MAL,Sacramento River at Mallard Island,38.042882,dwr,x,x,<Null>,x,x,x,x,x,<Null>,<Null>,x,<Null>,Point,<Null>,-121.920111,594757.5308,4211123.274,D10A,<Null>,<Null>,<Null>,dwr_des,MAL,Collocated with MWQI Mallardis,<Null>
20,B95530,Middle River at Howard Rd Bridge,37.877,delta,x,x,<Null>,x,x,<Null>,<Null>,<Null>,<Null>,<Null>,<Null>,<Null>,Point,<Null>,-121.3835,642165.7889,4193399.543,<Null>,<Null>,<Null>,B95530,dwr,MHR,<Null>,<Null>
21,B95820,San Joaquin at Mossdale Bridge,37.78613,ncro,x,x,x,x,x,x,x,x,<Null>,<Null>,x,<Null>,Point,x,-121.306443,649126.0665,4183436.801,C7A,<Null>,C,B95820,dwr,MSD,"Flow transect is 0.25 miles ds from bridge. Was once at bridge, but ferrous metals interfered with",<Null>
22,B95503,Middle River at Tracy Blvd,37.8816,delta,x,x,<Null>,x,x,<Null>,<Null>,<Null>,<Null>,<Null>,<Null>,<Null>,Point,<Null>,-121.456,635780.8155,4193801.953,<Null>,<Null>,C,B95503,dwr,MTB,<Null>,<Null>
23,B95366,Old River above Dam ,37.810251,delta,x,x,<Null>,x,?,x,x,x,<Null>,<Null>,x,<Null>,Point,<Null>,-121.542325,628312.513,4185763.047,<Null>,<Null>,<Null>,B95366,dwr,OAD,"At OAD, NCRO collects stage, EC, pH, DO, turbidity and chlorophyll above the temp barrier (B95366 and B953660) and telemeters it.  ",<Null>
24,B95365,Old River below Dam,37.8116,delta,x,x,<Null>,x,x,x,x,x,<Null>,<Null>,x,<Null>,Point,<Null>,-121.547,627898.6272,4185906.335,<Null>,<Null>,C,B95365,dwr,OBD,At OBD NCRO collects only stage (B95365) and telemeters. ,<Null>
25,B95250,Old River at Bacon Island,37.967917,delta,x,x,x,x,<Null>,x,<Null>,<Null>,<Null>,<Null>,<Null>,<Null>,Point,<Null>,-121.574389,625406.4655,4203423.642,<Null>,<Null>,<Null>,B95250,dwr,BAC,Collocated with USGS 11313405 on USGS pile. Historically across river.,<Null>
26,B95400,Old River at Head,37.808,delta,x,x,x,<Null>,x,<Null>,<Null>,<Null>,<Null>,<Null>,<Null>,<Null>,Point,x,-121.329,647096.2416,4185827.697,<Null>,<Null>,C,B95400,dwr,OH1,<Null>,<Null>
27,B95270,Old River at Byron,37.8911,delta,<Null>,x,,<Null>,<Null>,<Null>,<Null>,<Null>,<Null>,<Null>,<Null>,<Null>,Point,,-121.57,625738.8509,4194696.252,<Null>,<Null>,C,B95270,dwr,ORB,<Null>,<Null>
28,PPT,Prisoners Point,38.05636,delta,x,<Null>,<Null>,x,x,x,x,x,<Null>,<Null>,x,<Null>,Point,<Null>,-121.549983,627213.4135,4213060.692,D29,<Null>,<Null>,<Null>,dwr_des,PPT,Identified by Mike Dempsey,<Null>
29,B95218,Rock Slough at Contra Costa Canal,37.976,delta,x,x,<Null>,x,<Null>,<Null>,<Null>,<Null>,<Null>,<Null>,<Null>,<Null>,Point,<Null>,-121.635,619885.1807,4204030.998,<Null>,<Null>,C,B95218,dwr,RSL,<Null>,<Null>
30,SAL,San Andreas Landing,38.103278,delta,x,<Null>,<Null>,x,x,<Null>,<Null>,<Null>,<Null>,<Null>,<Null>,<Null>,Point,<Null>,-121.591255,623513.3613,4218211.149,C4,<Null>,<Null>,<Null>,usbr,SAL,Confirmed by USBR,<Null>
31,SJR,Vernalis,37.679191,delta,x,x,x,x,x,x,x,x,<Null>,<Null>,x,x,Point,<Null>,-121.264884,653005.7848,4171637.896,C10A,<Null>,C,<Null>,dwr_des,SJR,"C10A is jointly operated by DWR and IEP-EMP. Collocated with VER. Flow monitoring discontinued and considered unsuccessful, so USGS is the best for that and it is upstream at the bridge.",<Null>
32,STI,Mokelumne River (South Fork) @ Staten Island,38.116859,delta,x,<Null>,<Null>,x,x,<Null>,<Null>,<Null>,<Null>,<Null>,<Null>,<Null>,Point,<Null>,-121.498905,631586.3553,4219844.977,C13,<Null>,<Null>,<Null>,usbr,STI,<Null>,<Null>
33,B91160,Sacramento River at Threemile Slough,38.106,delta,x,<Null>,<Null>,x,x,<Null>,<Null>,<Null>,<Null>,<Null>,<Null>,<Null>,Point,<Null>,-121.7,613974.3986,4218374.057,<Null>,<Null>,<Null>,B91160,dwr,TMS,<Null>,<Null>
34,B95421,Tom Paine Sl above intake,37.79054,delta,x,x,<Null>,x,x,<Null>,<Null>,<Null>,<Null>,<Null>,<Null>,<Null>,Point,<Null>,-121.418744,639228.4652,4183752.915,<Null>,<Null>,C,B95421,dwr_des,TPI,<Null>,<Null>
35,B95425,Tom Paine Sl near Pescadero,37.76724,delta,<Null>,x,<Null>,<Null>,<Null>,<Null>,<Null>,<Null>,<Null>,<Null>,<Null>,<Null>,Point,<Null>,-121.351444,645200.1772,4181269.935,<Null>,<Null>,C,B95425,dwr_des,TPP,<Null>,T
36,B95420,Tom Paine Sl above the mouth,37.79054,ncro,x,x,<Null>,x,x,<Null>,<Null>,<Null>,<Null>,<Null>,<Null>,<Null>,Point,<Null>,-121.418744,639228.4652,4183752.915,<Null>,<Null>,C,B95420,dwr_des,TPS,<Null>,P
37,TRP,Tracy Pumping Plant,37.800273,delta,x,<Null>,x,<Null>,<Null>,<Null>,<Null>,<Null>,x,<Null>,<Null>,<Null>,Point,<Null>,-121.584902,624581.202,4184598.367,<Null>,<Null>,<Null>,<Null>,dwr_om,TRP,<Null>,O
38,UNI,Union Island,37.822093,delta,x,<Null>,<Null>,x,x,<Null>,<Null>,<Null>,<Null>,<Null>,<Null>,<Null>,Point,<Null>,-121.37501,643018.5974,4187320.056,C8,<Null>,<Null>,<Null>,usbr,UNI,"Historically called ""bifurcation of Middle and Old Rivers""",<Null>
39,VIC,Victoria Island,37.891226,delta,x,<Null>,<Null>,x,x,<Null>,<Null>,<Null>,<Null>,<Null>,<Null>,<Null>,Point,<Null>,-121.48825,632927.2432,4194823.603,<Null>,<Null>,C,<Null>,usbr,VIC,Not confirmed,<Null>
40,BKS,Barker Slough Pumping Plant,38.276396,delta,x,<Null>,x,x,x,x,x,x,x,x,x,x,Point,<Null>,-121.796958,605228.009,4237166.893,<Null>,<Null>,<Null>,<Null>,dwr,BKS,Slightly moved closer to slough. D1461 site was in another side slough upstream.,O
41,JTR,Jones Tract,37.9202,delta,<Null>,x,x,<Null>,<Null>,<Null>,<Null>,<Null>,<Null>,<Null>,<Null>,<Null>,Point,<Null>,-121.5165,630391.9485,4197998.65,<Null>,<Null>,D,<Null>,dwr_ncro,JTR,"NCRO station, but apparently not on WDL",P
42,B95580,Venice Island,38.0491,delta,<Null>,x,<Null>,<Null>,<Null>,<Null>,<Null>,<Null>,<Null>,<Null>,<Null>,<Null>,Point,<Null>,-121.4976,631822.3773,4212328.149,<Null>,<Null>,C,B95580,dwr,VNI,same as the WDL B95580,<Null>
43,CSE,Sacramento River at Collinsville,38.07395,dwr,x,x,<Null>,<Null>,<Null>,<Null>,<Null>,<Null>,<Null>,<Null>,<Null>,<Null>,Point,<Null>,-121.850096,600859.1388,4214643.56,C2B,<Null>,<Null>,<Null>,dwr_des,CSE,<Null>,<Null>
44,SRH,Sacramento River at Hood,38.367715,d1641,x,<Null>,<Null>,x,x,x,x,x,<Null>,<Null>,x,<Null>,Point,<Null>,-121.520506,629247.6584,4247650.975,C3A,<Null>,<Null>,<Null>,dwr_des,C3A,"Colocated wiht MWQI ""HOOD"" Established to replace C3. Location confirmed visually by DES (there is a bogus location north).",
45,D11,Sherman Lake near Antioch,38.042284,d1641,<Null>,<Null>,<Null>,<Null>,<Null>,<Null>,<Null>,<Null>,<Null>,<Null>,<Null>,<Null>,Point,<Null>,-121.799512,605340.9741,4211186.654,D11,<Null>,<Null>,<Null>,dwr,D11,<Null>,P
46,D16,San Joaquin River at Twitchell Island,38.096895,d1641,<Null>,<Null>,<Null>,<Null>,<Null>,<Null>,<Null>,<Null>,<Null>,<Null>,<Null>,<Null>,Point,<Null>,-121.669118,616696.5253,4217402.173,<Null>,<Null>,<Null>,<Null>,dwr,D16,<Null>,P
47,D19,Frank's Tract near Russo's landing,38.043764,d1641,<Null>,<Null>,<Null>,<Null>,<Null>,<Null>,<Null>,<Null>,<Null>,<Null>,<Null>,<Null>,Point,<Null>,-121.614773,621549.7907,4211576.292,<Null>,<Null>,<Null>,<Null>,dwr,D19,<Null>,P
48,B91212,Sacramento River at Rio Vista,38.15974,dwr,x,x,<Null>,x,x,x,x,x,<Null>,<Null>,x,<Null>,Point,x,-121.686243,615096.1569,4224354.151,D24A,<Null>,<Null>,B91212,dwr,RVB,DWR Rio Vista site,<Null>
49,MRZ,Sacramento River at Martinez,38.027617,d1641,x,x,<Null>,x,x,x,x,x,<Null>,x,x,<Null>,Point,<Null>,-122.140519,575432.4852,4209227.706,C6A,<Null>,<Null>,<Null>,dwr_des,D6A,<Null>,<Null>
50,D9,Honker Bay,38.072445,d1641,<Null>,<Null>,<Null>,<Null>,<Null>,<Null>,<Null>,<Null>,<Null>,<Null>,<Null>,<Null>,Point,<Null>,-121.939232,593042.1638,4214384.168,D9,<Null>,<Null>,<Null>,dwr,D9,<Null>,D
51,SNC,Chadbourne Slough at Sunrise Duck Club,38.185032,d1641,<Null>,x,<Null>,x,x,<Null>,<Null>,<Null>,<Null>,<Null>,<Null>,<Null>,Point,<Null>,-122.083055,580303.4812,4226742.3,S21,<Null>,<Null>,<Null>,dwr,SNC,Not confirmed,O
52,GYS,Goodyear Slough at Morrow Island club,38.119086,d1641,x,x,<Null>,x,x,<Null>,<Null>,<Null>,<Null>,<Null>,<Null>,<Null>,Point,<Null>,-122.09577,579261.2545,4219414.069,S35,<Null>,<Null>,<Null>,dwr,GYS,Not confirmed,O
53,VOL,Suisun Slough 300' south of Volanti Slough,38.180526,d1641,<Null>,<Null>,<Null>,<Null>,<Null>,<Null>,<Null>,<Null>,<Null>,<Null>,<Null>,<Null>,Point,<Null>,-122.046958,583469.9031,4226274.204,S42,<Null>,<Null>,<Null>,dwr,VOL,Not confirmed,<Null>
54,BDL,Montezuma Slough near Beldons Landing,38.186785,d1641,x,x,<Null>,x,x,<Null>,<Null>,<Null>,<Null>,<Null>,<Null>,<Null>,Point,<Null>,-121.970774,590134.7271,4227040.058,S49,<Null>,<Null>,<Null>,dwr_des,BDL,Not confirmed. Moved to pier.,<Null>
55,IBS,Cordelia Slough at Ibis club,38.157299,d1641,x,x,<Null>,x,x,<Null>,<Null>,<Null>,<Null>,<Null>,<Null>,<Null>,Point,<Null>,-122.113679,577650.886,4223639.01,S97,<Null>,<Null>,<Null>,dwr,IBS,<Null>,O
56,B91560,Yolo Bypass at Lisbon,38.475039,ncro,x,x,x,<Null>,x,<Null>,<Null>,<Null>,<Null>,<Null>,<Null>,<Null>,Point,<Null>,-121.588512,623124.0268,4259467.426,<Null>,<Null>,C,B91560,dwr_ncro,LIS,<Null>,O
57,WCI,West Canal near Clifton Court Intake,37.831612,ncro,<Null>,<Null>,x,<Null>,x,<Null>,<Null>,<Null>,<Null>,<Null>,<Null>,<Null>,Point,x,-121.554056,627243.1669,4188117.207,<Null>,<Null>,<Null>,<Null>,dwr_ncro,WCI,<Null>,<Null>
58,B95341,Old River near Clifton Court Intake,37.827972,ncro,x,<Null>,x,<Null>,x,<Null>,<Null>,<Null>,<Null>,<Null>,<Null>,<Null>,Point,x,-121.552601,627377.4004,4187715.242,<Null>,<Null>,D,B95341,dwr,ORI,<Null>,<Null>
59,RCS,Ridge Cut Slough at Knight's Landing,38.793783,ncro,x,x,x,x,x,<Null>,<Null>,<Null>,<Null>,<Null>,<Null>,<Null>,Point,<Null>,-121.725359,610695.0351,4294664.331,<Null>,<Null>,<Null>,<Null>,dwr_ncro,RCS,<Null>,O
60,E33670,Montezuma Slough at National Steel,38.122027,ncro,x,x,x,x,x,<Null>,<Null>,<Null>,<Null>,<Null>,<Null>,<Null>,Point,x,-121.888211,597451.6343,4219938.021,S64,<Null>,<Null>,E33670,dwr_ncro,NSL,<Null>,<Null>
61,B95765,San Joaquin River near Lathrop,37.810971,ncro,x,x,x,x,x,<Null>,<Null>,<Null>,<Null>,<Null>,<Null>,<Null>,Point,x,-121.323482,647576.0828,4186166.067,<Null>,<Null>,C,B95765,dwr_ncro,SJL,Not confirmed. Moved to pier.,<Null>
62,B95740,San Joaquin River at Brandt Bridge,37.864575,ncro,<Null>,<Null>,<Null>,<Null>,<Null>,<Null>,<Null>,<Null>,<Null>,<Null>,<Null>,<Null>,Point,<Null>,-121.323124,647500.77,4192114.555,<Null>,<Null>,<Null>,B95740,dwr_ncro,BDT,<Null>,<Null>
63,B95660,Rough and Ready Island,37.962776,ncro,x,x,x,x,x,x,x,x,<Null>,<Null>,<Null>,<Null>,Point,x,-121.365577,643575.239,4202944.872,<Null>,<Null>,C,B95660,dwr_ncro,RRI,a station house on the very corner of that final boat dock on Rough and Ready.,<Null>
64,MRU,Middle River at Undine Road,37.83393,ncro,<Null>,<Null>,x,<Null>,<Null>,<Null>,<Null>,<Null>,<Null>,<Null>,<Null>,<Null>,Point,<Null>,-121.385725,642052.7121,4188617.136,<Null>,<Null>,<Null>,<Null>,dwr_ncro,MRU,<Null>,<Null>
65,B95380,Old River at Tracy Blvd,37.804726,ncro,x,x,<Null>,x,x,<Null>,<Null>,<Null>,<Null>,<Null>,<Null>,<Null>,Point,<Null>,-121.449529,636491.6066,4185281.471,P12,<Null>,C,B95380,dwr_ncro,OLD,<Null>,<Null>
66,s08010,Southampton Shoal Channel LB 6,37.91625,noaa,<Null>,<Null>,<Null>,<Null>,<Null>,<Null>,<Null>,<Null>,<Null>,<Null>,<Null>,<Null>,Point,x,-122.422333,550775.4272,4196680.145,<Null>,<Null>,<Null>,<Null>,noaa,s08010,<Null>,<Null>
67,s06010,Martinez-AMORCO Pier,38.034633,noaa,<Null>,<Null>,<Null>,<Null>,<Null>,<Null>,<Null>,<Null>,<Null>,<Null>,<Null>,<Null>,Point,x,-122.12525,576765.3055,4210018.743,<Null>,<Null>,<Null>,<Null>,noaa,s06010,<Null>,<Null>
68,tibc1,Tiburon Pier,37.89117,noaa,x,<Null>,<Null>,<Null>,<Null>,<Null>,<Null>,<Null>,<Null>,<Null>,<Null>,<Null>,Point,<Null>,-122.446145,548698.9632,4193884.8,<Null>,<Null>,<Null>,<Null>,noaa,tibc1,<Null>,<Null>
69,scqc1,China Camp,38.00117,noaa,x,<Null>,<Null>,<Null>,<Null>,<Null>,<Null>,<Null>,<Null>,<Null>,<Null>,<Null>,Point,<Null>,-122.459144,547485.1633,4206082.853,<Null>,<Null>,<Null>,<Null>,noaa,scqc1,<Null>,<Null>
70,9414290,San Francisco,37.8067,noaa,<Null>,x,<Null>,<Null>,<Null>,<Null>,<Null>,<Null>,<Null>,<Null>,<Null>,<Null>,Point,<Null>,-122.465,547094.7674,4184503.121,<Null>,<Null>,<Null>,<Null>,noaa,9414290,<Null>,<Null>
71,9414750,Alameda,37.771614,noaa,<Null>,x,<Null>,<Null>,<Null>,<Null>,<Null>,<Null>,<Null>,<Null>,<Null>,<Null>,Point,<Null>,-122.299398,561701.6293,4180706.659,<Null>,<Null>,<Null>,<Null>,noaa,9414750,<Null>,<Null>
72,9414358,Hunters Point,37.73,noaa,<Null>,<Null>,<Null>,<Null>,<Null>,<Null>,<Null>,<Null>,<Null>,<Null>,<Null>,<Null>,Point,<Null>,-122.357,556660.3345,4176053.21,<Null>,<Null>,<Null>,<Null>,noaa,9414358,<Null>,D
73,9414688,San Leandro Marina,37.695274,noaa,<Null>,<Null>,<Null>,<Null>,<Null>,<Null>,<Null>,<Null>,<Null>,<Null>,<Null>,<Null>,Point,<Null>,-122.191904,571241.8069,4172313.118,<Null>,<Null>,<Null>,<Null>,noaa,9414688,Removed 2005,D
74,9414458,San Mateo Bridge,37.58,noaa,<Null>,<Null>,<Null>,<Null>,<Null>,<Null>,<Null>,<Null>,<Null>,<Null>,<Null>,<Null>,Point,<Null>,-122.253,565957.3619,4159479.043,<Null>,<Null>,<Null>,<Null>,noaa,9414458,<Null>,D
75,9414523,Redwood City,37.506974,noaa,<Null>,x,<Null>,<Null>,<Null>,<Null>,<Null>,<Null>,<Null>,<Null>,<Null>,<Null>,Point,<Null>,-122.209905,569646.34,4151469.656,<Null>,<Null>,<Null>,<Null>,noaa,9414523,Nudged,<Null>
76,9414509,Dumbarton Bridge,37.5067,noaa,<Null>,<Null>,<Null>,<Null>,<Null>,<Null>,<Null>,<Null>,<Null>,<Null>,<Null>,<Null>,Point,<Null>,-122.115,578219.038,4151452.478,<Null>,<Null>,<Null>,<Null>,noaa,9414509,<Null>,D
77,9414575,Coyote Creek,37.465,noaa,<Null>,<Null>,<Null>,<Null>,<Null>,<Null>,<Null>,<Null>,<Null>,<Null>,<Null>,<Null>,Point,<Null>,-122.023,586398.4932,4146906.459,<Null>,<Null>,<Null>,<Null>,noaa,9414575,<Null>,D
78,9414863,Richmond,37.928208,noaa,<Null>,x,<Null>,<Null>,<Null>,<Null>,<Null>,<Null>,<Null>,<Null>,<Null>,<Null>,Point,<Null>,-122.399932,552735.955,4198019.34,<Null>,<Null>,<Null>,<Null>,noaa,9414863,<Null>,<Null>
79,ANC,Antioch,38.017847,usbr,x,<Null>,<Null>,x,x,<Null>,<Null>,<Null>,<Null>,<Null>,<Null>,<Null>,Point,<Null>,-121.802883,605075.0974,4208474.676,<Null>,<Null>,<Null>,<Null>,usbr,ANC,<Null>,<Null>
80,CLL,Collinsville,38.07395,usbr,<Null>,<Null>,<Null>,<Null>,<Null>,<Null>,<Null>,<Null>,<Null>,<Null>,<Null>,<Null>,Point,<Null>,-121.850096,600858.689,4214644.115,<Null>,<Null>,<Null>,<Null>,usbr,CLL,<Null>,<Null>
81,CNT,Contra Costa,37.995876,usbr,x,<Null>,<Null>,x,x,<Null>,<Null>,<Null>,<Null>,<Null>,<Null>,<Null>,Point,<Null>,-121.701703,613995.789,4206152.618,C5,<Null>,C,<Null>,usbr,CNT,<Null>,O
82,EMM,Emmaton,38.084286,usbr,x,<Null>,<Null>,x,x,<Null>,<Null>,<Null>,<Null>,<Null>,<Null>,<Null>,Point,<Null>,-121.738875,610598.749,4215917.627,D22A,<Null>,<Null>,<Null>,usbr,EMM,"DWR and USBR listed at same site at end of pier, USBR is listed as D22A",<Null>
83,PTS,PIttsburg,38.043164,usbr,x,<Null>,<Null>,x,x,<Null>,<Null>,<Null>,<Null>,<Null>,<Null>,<Null>,Point,<Null>,-121.891835,597238.3024,4211183.659,<Null>,<Null>,<Null>,<Null>,usbr,PTS,<Null>,<Null>
84,RIV,Rio Vista,38.159168,usbr,x,<Null>,<Null>,x,x,<Null>,<Null>,<Null>,<Null>,<Null>,<Null>,<Null>,Point,<Null>,-121.684463,615252.9277,4224292.896,D24A,<Null>,<Null>,<Null>,usbr,RV,Under bridge tenders office almost in center of channel,<Null>
85,VER,Vernalis,37.679191,usbr,<Null>,<Null>,<Null>,<Null>,<Null>,<Null>,<Null>,<Null>,<Null>,<Null>,<Null>,<Null>,Point,<Null>,-121.264884,653005.7848,4171637.896,C10,<Null>,<Null>,<Null>,usbr,VER,Relocated from Durham Farry/Airoport Way Bridge to DWR pier where SJR is located,<Null>
86,PCT,Port Chicago,38.058938,usbr,x,<Null>,<Null>,x,x,<Null>,<Null>,<Null>,<Null>,<Null>,<Null>,<Null>,Point,<Null>,-122.024823,585550.3706,4212803.181,C14,<Null>,<Null>,<Null>,usbr,PCT,Pier 2 (1 mile upstream from NOAA site),<Null>
87,11162765,"SF Bay at San Mateo Bridge Near Foster City, CA",37.584379,usgs,<Null>,<Null>,<Null>,x,x,<Null>,<Null>,<Null>,<Null>,<Null>,<Null>,<Null>,Point,<Null>,-122.2508,566147.698,4159966.398,<Null>,<Null>,<Null>,<Null>,usgs,11162765,<Null>,<Null>
88,11169025,"Guadalupe R above Hw 101 at San Jose, CA",37.374103,usgs,<Null>,<Null>,<Null>,<Null>,<Null>,<Null>,<Null>,<Null>,<Null>,<Null>,<Null>,<Null>,Point,<Null>,-121.932917,594479.1409,4136908.272,<Null>,<Null>,<Null>,<Null>,usgs,11169025,<Null>,O
89,11172175,Coyote Creek above HW 237,37.422435,usgs,<Null>,<Null>,<Null>,<Null>,<Null>,<Null>,<Null>,<Null>,<Null>,<Null>,<Null>,<Null>,Point,<Null>,-121.927362,594910.0416,4142276.094,<Null>,<Null>,<Null>,<Null>,usgs,11172175,<Null>,O
90,11303500,San Joaquin R near Vernalis,37.676099,usgs,x,x,x,<Null>,x,<Null>,<Null>,<Null>,<Null>,<Null>,<Null>,<Null>,Point,<Null>,-121.2655,652957.7738,4171293.793,<Null>,<Null>,C,<Null>,usgs,VNS,<Null>,<Null>
91,11304810,San Joaquin R below Garwood Bridge,37.935467,usgs,x,x,x,x,x,<Null>,<Null>,<Null>,<Null>,<Null>,<Null>,<Null>,Point,x,-121.330226,646735.1988,4199969.683,<Null>,<Null>,<Null>,<Null>,usgs,SJG,The gage is at the bottom of some concrete stairs that go to a pump stand. The gage is at the bottom of some concrete stairs that go to a pump stand. Bottom of concrete stairs that go to a pump stand. This location is not very carefully identified yet.,<Null>
92,11311300,Turner Cut near Holt,37.9925,usgs,,,x,x,,,,,<Null>,<Null>,x,<Null>,Point,x,-121.453889,635762.2786,4206110.586,<Null>,<Null>,C,<Null>,usgs,TRN,"USGS collects flow data on a pile they installed.  NCRO collects temp, pH, EC, DO, turbidity, chlorophyll on pile with USGS and uses USGS telemetry.",<Null>
93,11312672,Victoria Canal near Byron,37.870833,usgs,,,x,,,,x,,<Null>,<Null>,x,<Null>,Point,x,-121.53,629291.6445,4192502.162,<Null>,<Null>,C,<Null>,usgs,VCU,Not confirmed. Boat access.,<Null>
94,11312676,Middle R at Middle River,37.942666,usgs,x,x,x,x,x,x,<Null>,<Null>,<Null>,<Null>,<Null>,<Null>,Point,x,-121.533807,628839.4597,4200455.038,<Null>,<Null>,C,<Null>,usgs,MDM,<Null>,<Null>
95,11312685,Middle R near Holt,38.003056,usgs,,,x,,,,<Null>,<Null>,<Null>,<Null>,x,<Null>,Point,x,-121.510899,630737.3013,4207200.201,<Null>,<Null>,C,<Null>,usgs,HLT,"USGS collects flow data on a pile they installed.  NCRO collects temp, EC, turbidity and chlorophyll on pile with USGS and uses USGS telemetry.  All data on CDEC",<Null>
96,11312968,Old R near Delta Mendota Canal,37.810251,usgs,,,x,,,,,,<Null>,<Null>,x,<Null>,Point,<Null>,-121.542325,628312.513,4185763.047,<Null>,<Null>,<Null>,<Null>,usgs,ODM," At ODM which is on a pile, USGS collects flow while NCRO collects  temp, pH, EC, DO, turbidity and chlorophyll using USGS telemetry equipment.",<Null>
97,11313200,Grantline Canal,37.820107,usgs,x,x,x,x,x,x,x,x,<Null>,<Null>,x,<Null>,Point,x,-121.449633,627752.9866,4186838.835,<Null>,<Null>,C,<Null>,usgs,GLC,"Replaces a station located on the Tracy Rd Bridge (5 miles east of the piling). Located on pile (B95320).  USGS measures flow whiles NCRO measures temp, EC pH, DO turbidity and chlorophyll.  USGS telemeters this data  ",<Null>
98,11313315,Old R near Byron,37.891036,usgs,x,,x,x,x,x,<Null>,<Null>,<Null>,<Null>,<Null>,<Null>,Point,x,-121.570228,625718.8841,4194688.872,<Null>,<Null>,C,<Null>,usgs,OH4,On bridge,<Null>
99,11313405,Old R at Bacon Island,37.967917,usgs,x,x,x,x,x,x,<Null>,<Null>,<Null>,<Null>,<Null>,<Null>,Point,x,-121.574389,625222.5292,4203213.861,<Null>,<Null>,C,<Null>,usgs,OBI,<Null>,<Null>
100,11313431,Holland Cut near Bethel Island,38.016389,usgs,,,x,,,,<Null>,<Null>,<Null>,<Null>,<Null>,<Null>,Point,x,-121.581944,624476.8794,4208582.216,<Null>,<Null>,C,<Null>,usgs,HOL,"At HOL, USGS collects flow data while NCRO collects EC, temp and turbidity.  USGS telemeters the data.",<Null>
101,11313433,Dutch Sl below Jersey Island,38.013066,usgs,x,x,x,x,x,x,<Null>,<Null>,<Null>,<Null>,<Null>,<Null>,Point,x,-121.670862,616676.6079,4208098.204,<Null>,<Null>,C,<Null>,usgs,DSJ,Not confirmed,<Null>
102,11313434,Old R at Quimby Island,38.027222,usgs,,,x,,,,<Null>,<Null>,<Null>,<Null>,<Null>,<Null>,Point,x,-121.564444,625994.5513,4209807.857,<Null>,<Null>,C,<Null>,usgs,ORQ,<Null>,<Null>
103,11313440,False R near Oakley,38.055833,usgs,,,x,,,,<Null>,<Null>,<Null>,<Null>,x,<Null>,Point,x,-121.666944,616952.4881,4212848.62,<Null>,<Null>,C,<Null>,usgs,FAL,"Both FAL and ORQ are USGS station where they collect flow and NCRO collects EC, chlorophyll, temp and turbidity",<Null>
104,11313452,Old R at Franks Tract,38.071111,usgs,x,x,x,x,x,x,<Null>,<Null>,<Null>,<Null>,<Null>,<Null>,Point,x,-121.578889,624652.2729,4214658.352,<Null>,<Null>,C,<Null>,usgs,OSJ,"At OSJ USGS collects flow data while NCRO collects temp, EC, turbidity and chlorophyll.  USGS telemeters the data.",<Null>
105,11313460,San Joaquin R at Prisoners Pt,38.059444,usgs,x,x,x,x,x,x,<Null>,<Null>,<Null>,<Null>,<Null>,<Null>,Point,x,-121.557222,626572.9597,4213393.094,<Null>,<Null>,C,<Null>,usgs,PRI,"Boat access only on a pile, not carefully registered here. Flow and vertical datum considered suspect",<Null>
106,11336600,Delta Cross Channel near Walnut Grove,38.244778,usgs,x,x,x,x,x,x,<Null>,<Null>,<Null>,<Null>,<Null>,<Null>,Point,x,-121.505238,630802.1612,4234030.561,<Null>,<Null>,C,<Null>,usgs,DLC ,<Null>,<Null>
107,11336790,Little Potato Slough at Terminous,38.096389,usgs,x,x,x,<Null>,x,x,<Null>,<Null>,<Null>,<Null>,<Null>,<Null>,Point,x,-121.496111,631868.0786,4217577.565,<Null>,<Null>,<Null>,<Null>,usgs,LPS,<Null>,<Null>
108,11336930,Mokelumne R at Andrus Island,38.106111,usgs,x,x,x,x,x,x,<Null>,<Null>,<Null>,<Null>,<Null>,<Null>,Point,x,-121.571111,625274.783,4218552.491,<Null>,<Null>,C,<Null>,usgs,MOK,"At MOK, USGS collects flow data while NCRO collects temp, EC and turbidity.  USGS telemeters the data.",<Null>
109,11337080,Threemile Slough near Rio Vista,38.103333,usgs,x,x,x,x,x,x,<Null>,<Null>,<Null>,<Null>,<Null>,<Null>,Point,x,-121.686111,615196.3227,4218095.302,<Null>,<Null>,<Null>,<Null>,usgs,TSL,<Null>,<Null>
110,11337190,San Joaquin R at Jersey Point,38.052226,usgs,x,x,x,x,x,x,<Null>,<Null>,<Null>,<Null>,<Null>,<Null>,Point,<Null>,-121.688933,615028.9494,4212420.854,<Null>,<Null>,C,<Null>,usgs,SJJ,"Originally collocated with USBR station, now (according to USBR) on platform 100m up accessible by boat.",<Null>
111,11447650,Sacramento R at Freeport,38.45602,usgs,x,x,x,x,x,x,<Null>,<Null>,<Null>,<Null>,<Null>,<Null>,Point,x,-121.501344,630762.4785,4257477.003,<Null>,<Null>,<Null>,<Null>,usgs,FPT,Pass Freeport bridge on rt. (wrong side of bridge?). Entrance to gage sites from walkway on right side of Freeport Bridge footing. ,<Null>
112,11447830,Sutter Slough at Courtland,38.32842,usgs,<Null>,x,x,<Null>,<Null>,<Null>,<Null>,<Null>,<Null>,<Null>,<Null>,<Null>,Point,x,-121.577355,624348.3278,4243212.43,<Null>,<Null>,C,<Null>,usgs,SUT,<Null>,<Null>
113,11447850,Steamboat Slough btw Sacramento R and Sutter Sl,38.28477,usgs,<Null>,x,x,<Null>,<Null>,<Null>,<Null>,<Null>,<Null>,<Null>,<Null>,<Null>,Point,x,-121.586784,623598.1859,4238356.151,<Null>,<Null>,C,<Null>,usgs,SSS,<Null>,<Null>
114,11447890,Sacramento R above Delta Cross Channel,38.257526,usgs,<Null>,x,x,<Null>,<Null>,<Null>,<Null>,<Null>,<Null>,<Null>,<Null>,<Null>,Point,x,-121.517983,629664.1881,4235427.136,<Null>,<Null>,C,<Null>,usgs,SDC,On pump stand,<Null>
115,11447903,Georgiana Slough near Sacramento R,38.237264,usgs,x,x,x,<Null>,x,x,<Null>,<Null>,<Null>,<Null>,<Null>,<Null>,Point,x,-121.517674,629727.2489,4233179.249,<Null>,<Null>,C,<Null>,usgs,GSS,<Null>,<Null>
116,11447905,Sacramento R below Georgiana Slough,38.238892,usgs,x,x,x,x,x,x,<Null>,<Null>,<Null>,<Null>,<Null>,<Null>,Point,x,-121.523447,629219.1446,4233351.832,<Null>,<Null>,C,<Null>,usgs,GES,From USGS wiki,<Null>
117,11455140,Toe Drain at Liberty Island near Courtland,38.34944,usgs,x,x,<Null>,x,<Null>,<Null>,<Null>,<Null>,<Null>,<Null>,<Null>,<Null>,Point,<Null>,-121.644901,618409.8353,4245456.169,<Null>,<Null>,<Null>,<Null>,usgs,11455140,Not confirmed. Not on USGS wiki site.,D
118,11455147,Liberty Cut at Liberty Island near Courtland,38.3225,usgs,x,x,x,x,<Null>,<Null>,<Null>,<Null>,<Null>,<Null>,<Null>,<Null>,Point,<Null>,-121.667222,616502.4862,4242438.355,<Null>,<Null>,<Null>,<Null>,usgs,11455147,<Null>,<Null>
119,11455165,Miner Slough at HW 84 Bridge,38.291667,usgs,x,x,x,x,x,<Null>,<Null>,<Null>,<Null>,<Null>,<Null>,<Null>,Point,x,-121.630833,619734.1898,4239063.443,<Null>,<Null>,C,<Null>,usgs,HWB,<Null>,<Null>
120,11455276,Shag Slough at Liberty Island near Courtland,38.318333,usgs,x,x,x,x,x,<Null>,<Null>,<Null>,<Null>,<Null>,<Null>,<Null>,Point,x,-121.693056,614250.7522,4241943.734,<Null>,<Null>,<Null>,<Null>,usgs,11455276,<Null>,<Null>
121,11455335,Sacramento R Deep Water Ship Channel Near Rio Vista,38.256111,usgs,<Null>,x,x,<Null>,<Null>,<Null>,<Null>,<Null>,<Null>,<Null>,<Null>,<Null>,Point,x,-121.666667,616657.2915,4235072.238,<Null>,<Null>,C,<Null>,usgs,DWS,<Null>,<Null>
122,11455350,Cache Slough at Ryer Island,38.212925,usgs,,x,x,<Null>,x,<Null>,<Null>,<Null>,<Null>,<Null>,<Null>,<Null>,Point,x,-121.66896,616525.5421,4230277.308,<Null>,<Null>,C,<Null>,usgs,11455350,<Null>,<Null>
123,11455420,Sacramento R at Rio Vista,38.1479,usgs,x,x,x,x,x,x,<Null>,<Null>,<Null>,<Null>,<Null>,<Null>,Point,x,-121.689862,614797.6202,4223035.837,<Null>,<Null>,<Null>,<Null>,usgs,SRV,"The flow station is under the bridge Red Channel Marker 28, transmitted from the DWR station 100' away. The WQ station is downstream a bit and is not confirmed.",<Null>
124,11455780,Suisun Bay at Benicia Bridge,38.044921,usgs,x,<Null>,<Null>,x,x,<Null>,<Null>,<Null>,<Null>,<Null>,<Null>,<Null>,Point,<Null>,-122.126632,576633.2747,4211159.033,<Null>,<Null>,<Null>,<Null>,usgs,11455780,<Null>,<Null>
125,11455820,Carquinez Strait at Carquinez Bridge near Crockett,38.061309,usgs,x,<Null>,<Null>,x,x,<Null>,<Null>,<Null>,<Null>,<Null>,<Null>,<Null>,Point,<Null>,-122.225524,567940.7675,4212900.57,<Null>,<Null>,<Null>,<Null>,usgs,11455820,<Null>,<Null>
126,11458000,Napa R near Napa,38.36852,usgs,<Null>,<Null>,<Null>,<Null>,<Null>,<Null>,<Null>,<Null>,<Null>,<Null>,<Null>,<Null>,Point,<Null>,-122.303212,560869.0316,4246934.082,<Null>,<Null>,<Null>,<Null>,usgs,NAP,<Null>,<Null>
127,11459150,Petaluma R at Copland Pumping Station,38.238525,usgs,<Null>,<Null>,<Null>,<Null>,<Null>,<Null>,<Null>,<Null>,<Null>,<Null>,<Null>,<Null>,Point,<Null>,-122.640169,531489.644,4232341.551,<Null>,<Null>,<Null>,<Null>,usgs,11459150,<Null>,O
128,3.73025E+14,San Francisco Bay at Old Dumbarton Bridge,37.506944,usgs,<Null>,<Null>,<Null>,<Null>,<Null>,<Null>,<Null>,<Null>,<Null>,<Null>,<Null>,<Null>,Point,<Null>,-122.116389,578096.0255,4151478.445,<Null>,<Null>,<Null>,<Null>,usgs,3.73025E+14,<Null>,<Null>
129,3.75607E+14,San Francisco Bay at Richmond-San Rafael Bridge,37.935278,usgs,<Null>,<Null>,<Null>,x,x,<Null>,<Null>,<Null>,<Null>,<Null>,<Null>,<Null>,Point,<Null>,-122.446389,548648.4492,4198778.486,<Null>,<Null>,<Null>,<Null>,usgs,3.75607E+14,<Null>,<Null>
130,9415218,Mare Island,38.07,noaa,<Null>,x,<Null>,<Null>,<Null>,<Null>,<Null>,<Null>,<Null>,<Null>,<Null>,<Null>,Point,<Null>,-122.25,565785.8103,4213847.218,<Null>,<Null>,<Null>,<Null>,noaa,9415218,<Null>,<Null>
131,9415143,Crockett,38.0583,noaa,<Null>,x,<Null>,<Null>,<Null>,<Null>,<Null>,<Null>,<Null>,<Null>,<Null>,<Null>,Point,<Null>,-122.223,568164.9889,4212568.497,<Null>,<Null>,<Null>,<Null>,noaa,9415143,<Null>,D
132,9415265,Suisun Slough Entrance,38.120655,noaa,<Null>,x,<Null>,<Null>,<Null>,<Null>,<Null>,<Null>,<Null>,<Null>,<Null>,<Null>,Point,<Null>,-122.07378,581187.0594,4219607.144,<Null>,<Null>,<Null>,<Null>,noaa,9415265,"Not confirmed. No detailed description, defunct 1989",D
133,9415144,Port Chicago,38.056,noaa,<Null>,x,<Null>,<Null>,<Null>,<Null>,<Null>,<Null>,<Null>,<Null>,<Null>,<Null>,Point,<Null>,-122.0395,584266.1237,4212463.783,<Null>,<Null>,<Null>,<Null>,noaa,9415144,<Null>,<Null>
134,9414811,Bradmoor Island,38.182859,noaa,<Null>,x,<Null>,<Null>,<Null>,<Null>,<Null>,<Null>,<Null>,<Null>,<Null>,<Null>,Point,<Null>,-121.924793,594166.7671,4226650.2,<Null>,<Null>,<Null>,<Null>,noaa,9414811,"Rogers Duck Club, pier behind shack. Discontinued 2006",D
135,9415112,Mallard Island Ferry Wharf,38.0433,noaa,<Null>,x,<Null>,<Null>,<Null>,<Null>,<Null>,<Null>,<Null>,<Null>,<Null>,<Null>,Point,<Null>,-121.918,594942.197,4211171.753,<Null>,<Null>,<Null>,<Null>,noaa,9415112,<Null>,D
136,9415064,Antioch,38.02,noaa,<Null>,x,<Null>,<Null>,<Null>,<Null>,<Null>,<Null>,<Null>,<Null>,<Null>,<Null>,Point,<Null>,-121.815,604013.3796,4208696.626,<Null>,<Null>,<Null>,<Null>,noaa,9415064,<Null>,D
137,9415316,Rio Vista,38.145,noaa,<Null>,x,<Null>,<Null>,<Null>,<Null>,<Null>,<Null>,<Null>,<Null>,<Null>,<Null>,Point,<Null>,-121.692,614614.8053,4222711.404,<Null>,<Null>,<Null>,<Null>,noaa,9415316,<Null>,D
138,B95620,San Joaquin River at Rindge Pump,37.997217,wdl,<Null>,x,<Null>,<Null>,<Null>,<Null>,<Null>,<Null>,<Null>,<Null>,<Null>,<Null>,Point,<Null>,-121.419431,638779.2519,4206684.85,<Null>,<Null>,C,B95620,dwr_ncro,B95620,<Null>,<Null>
139,A02100,Sacramento R at I Street,38.571646,CD,<Null>,x,<Null>,<Null>,<Null>,<Null>,<Null>,<Null>,<Null>,<Null>,<Null>,<Null>,Point,<Null>,-121.516839,630173.2924,4272187.32,<Null>,<Null>,<Null>,A02100,dwr_ncro,A02100,Not confirmed. This station is pegged to I Street bridge in photos based on description.,<Null>
140,B94100,Georgiana Slough at Mokelumne R,38.13,CD,<Null>,x,<Null>,<Null>,<Null>,<Null>,<Null>,<Null>,<Null>,<Null>,<Null>,<Null>,Point,<Null>,-121.580278,624430.5122,4221190.93,<Null>,<Null>,<Null>,B94100,dwr_ncro,B94100,Not confirmed. Based on lat/long to 1 arc second from Central District,<Null>
141,B91650,Sacramento R at Walnut Grove,38.241809,CD,x,x,<Null>,x,x,<Null>,<Null>,<Null>,<Null>,<Null>,<Null>,<Null>,Point,<Null>,-121.515902,629874.2594,4233686.083,<Null>,<Null>,<Null>,B91650,dwr_ncro,B91650,Not confirmed. Based on lat/long to 1 arc second from Central District and nudged to pier.,<Null>
142,B91750,Sacramento R at Snodgrass,38.349996,CD,<Null>,x,<Null>,<Null>,<Null>,<Null>,<Null>,<Null>,<Null>,<Null>,<Null>,<Null>,Point,<Null>,-121.533782,628119.0599,4245666.225,<Null>,<Null>,<Null>,B91750,dwr_ncro,B91750,Not confirmed. Based on lat/long to 1 arc second from Central District and nudged to shore.,<Null>
143,B95060,Threemile Slough at San Joaquin R,38.090028,CD,<Null>,x,<Null>,x,x,<Null>,<Null>,<Null>,<Null>,<Null>,<Null>,<Null>,Point,<Null>,-121.686531,615180.393,4216618.415,<Null>,<Null>,<Null>,B95060,dwr_ncro,B95060,Not confirmed. Based on lat/long to 1 arc second from Central District and nudged to shore.,<Null>
144,B95310,Grantline Canal above Dam,37.819585,CD,<Null>,<Null>,<Null>,x,x,x,x,x,<Null>,<Null>,<Null>,x,Point,<Null>,-121.447999,636598.8486,4186932.474,<Null>,<Null>,<Null>,B95310,dwr_ncro,B95310,Not confirmed. Based on lat/long to 1 arc second from Central District,<Null>
145,B95340,Old R at Clifton Court,37.82863,CD,<Null>,x,<Null>,<Null>,<Null>,<Null>,<Null>,<Null>,<Null>,<Null>,<Null>,<Null>,Point,<Null>,-121.552842,627355.1077,4187787.921,<Null>,<Null>,<Null>,B95340,dwr_ncro,ORI,Not confirmed. Based on lat/long to 1 arc second from Central District,<Null>
146,B95460,Middle R at Bacon Island,38.001807,CD,<Null>,x,<Null>,<Null>,<Null>,<Null>,<Null>,<Null>,<Null>,<Null>,<Null>,<Null>,Point,<Null>,-121.523702,629615.3472,4207043.705,<Null>,<Null>,<Null>,B95460,dwr_ncro,B95460,Not confirmed. Based on lat/long to 1 arc second from Central District and moved to pier,<Null>
147,B95468,Middle R at Middle R,37.940001,CD,x,x,<Null>,x,x,<Null>,<Null>,<Null>,<Null>,<Null>,<Null>,<Null>,Point,<Null>,-121.53305,628839.4597,4200455.038,<Null>,<Null>,<Null>,B95468,dwr_ncro,B95468,"USGS moved their flow station onto a pile and collects stage, EC, temp and turbidity which is telemetered.  NCRO collects stage, temp and EC on the levee next to the pile but is not telemetered.",<Null>
148,B95500,Middle R at Borden Hw,37.890806,CD,x,x,<Null>,x,x,<Null>,<Null>,<Null>,<Null>,<Null>,<Null>,<Null>,Point,<Null>,-121.488503,632905.7399,4194776.601,<Null>,<Null>,C,B95500,dwr_ncr,B95500,Not confirmed. Based on lat/long to 1 arc second from Central District. Colocated with VIC?,<Null>
149,B95540,Middle R at Mowry,37.835148,CD,<Null>,x,<Null>,<Null>,<Null>,<Null>,<Null>,<Null>,<Null>,<Null>,<Null>,<Null>,Point,<Null>,-121.383011,642289.2454,4188756.365,<Null>,<Null>,<Null>,B95540,dwr_ncro,B95540,Not confirmed. Based on lat/long to 1 arc second from Central District and nudged to pier,<Null>
150,B9561600,Turner Cut near Holt,37.9925,ncro,x,,,x,x,x,x,x,<Null>,<Null>,x,<Null>,Point,x,-121.453889,635762.2786,4206110.586,<Null>,<Null>,C,B9561600,dwr_ncro,TRN,"USGS collects flow data on a pile they installed.  NCRO collects temp, pH, EC, DO, turbidity, chlorophyll on pile with USGS and uses USGS telemetry.",<Null>
151,B9528500,Victoria Canal near Byron,37.870833,ncro,x,,,x,x,x,x,x,<Null>,<Null>,x,<Null>,Point,x,-121.53,629291.6445,4192502.162,<Null>,<Null>,C,B9528500,dwr_ncro,VCU,Not confirmed. Boat access.,<Null>
152,B9545800,Middle R near Holt,38.003056,ncro,x,,,x,x,x,<Null>,<Null>,<Null>,<Null>,x,<Null>,Point,x,-121.510899,630737.3013,4207200.201,<Null>,<Null>,C,B9545800,dwr_ncro,HLT,"USGS collects flow data on a pile they installed.  NCRO collects temp, EC, turbidity and chlorophyll on pile with USGS and uses USGS telemetry.  All data on CDEC",<Null>
153,B9536600,Old R near Delta Mendota Canal,37.810251,ncro,,,x,,,,,,<Null>,<Null>,x,<Null>,Point,<Null>,-121.542325,628312.513,4185763.047,<Null>,<Null>,<Null>,B9536600 ,dwr_ncro,ODM,"Is this ODM? At ODM which is on a pile, USGS collects flow while NCRO collects  temp, pH, EC, DO, turbidity and chlorophyll using USGS telemetry equipment.",<Null>
154,B9529500,Grant Line Canal near Clifton Court Forebay - WQ,37.820139,ncro,x,,,x,x,x,x,x,<Null>,<Null>,x,x,Point,,-121.544611,627752.9866,4186838.835,<Null>,<Null>,C,B9529500,dwr_ncro,GLC,"USGS measures flow whiles NCRO measures temp, EC pH, DO turbidity and chlorophyll.  USGS telemeters this data  (Station located on USGS pile 5.5 miles west of Tracy Rd. Bridge)",<Null>
155,B9512000,Holland Cut near Bethel Island,38.016389,ncro,x,,,x,x,x,<Null>,<Null>,<Null>,<Null>,<Null>,<Null>,Point,x,-121.581944,624476.8794,4208582.216,<Null>,<Null>,C,B9512000,dwr_ncro,HOL,"At HOL, USGS collects flow data while NCRO collects EC, temp and turbidity.  USGS telemeters the data.",<Null>
156,B9520000,Old R at Quimby Island,38.027222,ncro,,,,x,x,x,<Null>,<Null>,<Null>,<Null>,x,<Null>,Point,x,-121.564444,625994.5513,4209807.857,<Null>,<Null>,C,B9520000,dwr_ncro,ORQ,<Null>,<Null>
157,B9504400,False R near Oakley,38.055833,ncro,x,,,x,x,x,<Null>,<Null>,<Null>,<Null>,x,<Null>,Point,x,-121.666944,616952.4881,4212848.62,<Null>,<Null>,C,B9504400,dwr_ncro,FAL,"Both FAL and ORQ are USGS station where they collect flow and NCRO collects EC, chlorophyll, temp and turbidity",<Null>
158,B9510800,Old R at Franks Tract,38.071111,ncro,x,,,x,x,x,<Null>,<Null>,<Null>,<Null>,x,<Null>,Point,x,-121.578889,624652.2729,4214658.352,<Null>,<Null>,C,B9510800,dwr_ncro,OSJ,"At OSJ USGS collects flow data while NCRO collects temp, EC, turbidity and chlorophyll.  USGS telemeters the data.",<Null>
159,B9409500,Mokelumne River near Highway 12 ,38.106111,ncro,x,,,x,x,x,<Null>,<Null>,<Null>,<Null>,<Null>,<Null>,Point,x,-121.571111,625274.783,4218552.491,<Null>,<Null>,C,B9409500,dwr_ncro,MOK,"At MOK, USGS collects flow data while NCRO collects temp, EC and turbidity.  USGS telemeters the data.",<Null>
160,B91479,Steamboat Slough Below Sutter Slough,<Null>,ncro,<Null>,<Null>,<Null>,x,x,<Null>,<Null>,<Null>,<Null>,<Null>,<Null>,<Null>,Point,<Null>,<Null>,622318.3861,4234477.532,<Null>,<Null>,<Null>,B91479,dwr_ncro,B91479,<Null>,<Null>
161,B95378,Old River at Tracy Wildlife Association,<Null>,ncro,x,<Null>,<Null>,x,x,x,x,x,<Null>,<Null>,x,<Null>,Point,<Null>,<Null>,635798.2115,4185059.934,<Null>,<Null>,<Null>,B95378,dwr_ncro,B95378,<Null>,<Null>
162,B9521600,Rock Slough at Delta Road Bridge                                  ,<Null>,ncro,x,<Null>,<Null>,x,x,<Null>,<Null>,<Null>,<Null>,<Null>,<Null>,<Null>,Point,<Null>,<Null>,621194.1098,4204133.532,<Null>,<Null>,<Null>,B9521600,dwr_ncro,B9521600,<Null>,<Null>
163,B9524900,Holland Cut at Holland Marina,<Null>,ncro,x,<Null>,<Null>,x,x,<Null>,x,<Null>,<Null>,<Null>,x,<Null>,Point,<Null>,<Null>,624631.5069,4203879.996,<Null>,<Null>,<Null>,B9524900,dwr_ncro,B9524900,<Null>,<Null>
164,B9522500,Werner Dredger Cut near Palm Tract,<Null>,<Null>,x,<Null>,<Null>,x,x,<Null>,<Null>,<Null>,<Null>,<Null>,<Null>,<Null>,Point,<Null>,<Null>,623426.6436,4202761.188,<Null>,<Null>,<Null>,B9522500,dwr_ncro,B9522500,<Null>,<Null>
165,B95058,Piper Slough at Bethal Tract,<Null>,<Null>,x,<Null>,<Null>,x,x,<Null>,<Null>,<Null>,<Null>,<Null>,<Null>,<Null>,Point,<Null>,<Null>,620982.0168,4210523.399,<Null>,<Null>,<Null>,B95058,dwr_ncro,B95058,"Nudged. Verbal description is ""Russo's Marina at end of Piper Rd"" but Russo's is a short distance north.",<Null>
166,B9502900,San Joaquin River at Blind Point ,<Null>,<Null>,x,<Null>,<Null>,x,x,x,x,x,<Null>,<Null>,x,<Null>,Point,<Null>,<Null>,612410.8847,4210203.733,<Null>,<Null>,<Null>,B9502900,dwr_ncro,B9502900,Nudged,<Null>
167,RRI,Rough and Ready Island,37.962776,delta,x,,,x,x,,,,<Null>,<Null>,<Null>,<Null>,Point,,-121.365577,643575.239,4202944.872,<Null>,<Null>,C,<Null>,dwr_des,RRI,a station house on the very corner of that final boat dock on Rough and Ready.,<Null>
168,RVB,Sacramento River at Rio Vista,38.15974,dwr,x,,<Null>,x,x,x,x,x,<Null>,<Null>,x,<Null>,Point,x,-121.686243,615096.1569,4224354.151,D24A,<Null>,<Null>,<Null>,dwr_des,RVB,DWR Rio Vista site,<Null>
169,ANH,San Joaquin at Antioch,38.017847,dwr,x,,<Null>,x,x,x,x,x,<Null>,<Null>,<Null>,<Null>,Point,<Null>,-121.802883,605075.0974,4208474.676,D12A,<Null>,<Null>,<Null>,dwr_des,ANH,<Null>,<Null>
170,MSD,San Joaquin at Mossdale Bridge,37.78613,dwr,x,x,x,x,x,x,x,x,<Null>,<Null>,x,<Null>,Point,x,-121.306443,649126.0665,4183436.801,C7A,<Null>,C,<Null>,dwr_des,MSD,"Flow transect is 0.25 miles ds from bridge. Was once at bridge, but ferrous metals interfered with",<Null>
171,FRE,Sacramento River at Fremont Weir (West End),<Null>,ncro,<Null>,x,<Null>,<Null>,<Null>,<Null>,<Null>,<Null>,<Null>,<Null>,<Null>,<Null>,Point,<Null>,<Null>,615789.8571,4290918.929,<Null>,<Null>,<Null>,A02170,dwr,FRE,Only source is CDEC,<Null>
172,A02200,Sacramento River at Knights Landing,<Null>,<Null>,<Null>,x,<Null>,<Null>,<Null>,<Null>,<Null>,<Null>,<Null>,<Null>,<Null>,<Null>,Point,<Null>,<Null>,611458.1994,4295714.606,<Null>,<Null>,<Null>,A02200,dwr,POR,<Null>,<Null>
173,DMC,DMC Headworks,37.78,usbr,x,<Null>,<Null>,x,x,<Null>,<Null>,<Null>,<Null>,<Null>,<Null>,<Null>,Point,<Null>,-121.588,626882.7,4186454,<Null>,<Null>,<Null>,<Null>,usbr,DMC,Nudged to accommodate model domain,<Null>
174,B95422,Sugar Cut,<Null>,ncro,x,<Null>,<Null>,x,x,<Null>,<Null>,<Null>,<Null>,<Null>,<Null>,<Null>,Point,<Null>,<Null>,639209.9863,4183510.713,<Null>,<Null>,<Null>,B95422,dwr_ncro,SGC,,<Null>
175,B95320,Grant Line Canal East,37.820258,ncro,x,<Null>,x,x,x,x,x,x,<Null>,<Null>,x,x,Point,x,-121.434856,637754.4,4187026.5,<Null>,<Null>,C,B95320,dwr_ncro,GLE,"ADCP Flow Station, commence on 1/15/2013; WQ, commence on 2/15/2013",<Null>
176,B95502,Middle River above Barrier ,37.88518,ncro,<Null>,<Null>,x,<Null>,x,<Null>,<Null>,<Null>,<Null>,<Null>,<Null>,<Null>,Point,x,-121.472762,634300.2,4194175,<Null>,<Null>,C,B95502,dwr_ncro,MAB,"ADCP Flow Station, commence on 4/23/2013",<Null>
177,B95390,Old River above Doughty Cut,37.810997,ncro,<Null>,<Null>,x,x,<Null>,<Null>,<Null>,<Null>,<Null>,<Null>,<Null>,<Null>,Point,x,-121.386576,642021.8,4186071.2,<Null>,<Null>,C,B95390,dwr_ncro,ORX,"ADCP Flow Station, commence on 1/30/2013",<Null>
178,B95760,San Joaquin River above Dos Reis,37.822331,ncro,<Null>,<Null>,x,<Null>,x,<Null>,<Null>,<Null>,<Null>,<Null>,<Null>,<Null>,Point,x,-121.317724,648060.2,4187435.7,<Null>,<Null>,C,B95760,dwr_nrco,SJD,"ADCP Flow Station, commence on 2/28/2013",<Null>
179,3.74938E+14,San Francisco Bay at Northeast Shore Alcatrza Island,37.827222,usgs,<Null>,<Null>,<Null>,x,x,<Null>,<Null>,<Null>,<Null>,<Null>,<Null>,<Null>,Point,<Null>,122.421667,550895.236,4186802.782,<Null>,<Null>,<Null>,<Null>,usgs,3.74938E+14,"location: unsurveyed, at end of finger pier adjacent to ferry terminal; WQ monitor since November 2013;Interruptions in record were due to malfunction of the sensing and (or) recording instrument and biological interference within the conductivity cell. The probe is set at 6 ft below the water surface at Mean Lower Low Water (MLLW). MLLW is about 16 ft. Daily maximums and minimums sometimes differ from tidal cycle (24.8 hours) maximums and minimums. Specific conductivity records are rated excellent except for the following periods of fouling: Oct. 1, 2, Nov. 2-8, Aug. 19, 20, which are rated good. Water temperature records are rated excellent.",<Null>
180,B9550000,Middle R at Union Point - WQ,37.890778,<Null>,x,<Null>,<Null>,x,x,x,x,x,<Null>,<Null>,x,<Null>,Point,<Null>,-121.488361,632905.7399,4194776.601,<Null>,<Null>,C,B9550000,dwr_ncr,B9550000,Not confirmed. Based on lat/long to 1 arc second from Central District. Colocated with VIC?,<Null>
181,B9553100,Middle River near Howard Rd Bridge,37.876222,,x,,<Null>,x,x,x,x,x,<Null>,<Null>,x,<Null>,Point,<Null>,-121.383306,642165.7889,4193399.543,<Null>,<Null>,C,B9553100,dwr,B9553100,added 6/6/2014,<Null>
